{
    "metrics": {
        "iterations": {
            "count": 60295,
            "rate": 2006.3204440626482
        },
        "http_req_waiting": {
            "avg": 24.44325146693002,
            "min": 1.485375,
            "med": 19.1529005,
            "max": 142.567802,
            "p(90)": 48.4231975,
            "p(95)": 58.24936325,
            "p(99)": 77.08970330000008
        },
        "status_4xx": {
            "rate": 1553.2470687188052,
            "count": 46679
        },
        "checks": {
            "fails": 93358,
            "passes": 27234,
            "value": 0.22583587634337268
        },
        "http_reqs": {
            "count": 60296,
            "rate": 2006.3537191342805
        },
        "http_req_connecting": {
            "avg": 0.0005015636194772454,
            "min": 0,
            "med": 0,
            "max": 6.730656,
            "p(90)": 0,
            "p(95)": 0,
            "p(99)": 0
        },
        "http_req_sending": {
            "p(99)": 0.1387555500000001,
            "avg": 0.023453929000265352,
            "min": 0.003043,
            "med": 0.011843,
            "max": 16.595749,
            "p(90)": 0.020146,
            "p(95)": 0.03576875
        },
        "http_req_duration{expected_response:true}": {
            "min": 1.545728,
            "med": 18.12165,
            "max": 146.476267,
            "p(90)": 38.01178379999999,
            "p(95)": 47.33150659999998,
            "p(99)": 72.90911232,
            "avg": 21.340167825438787
        },
        "vus": {
            "value": 50,
            "min": 50,
            "max": 50
        },
        "vus_max": {
            "value": 50,
            "min": 50,
            "max": 50
        },
        "http_req_receiving": {
            "max": 42.287069,
            "p(90)": 0.12806250000000002,
            "p(95)": 0.27053375,
            "p(99)": 1.414321000000005,
            "avg": 0.11402803579010234,
            "min": -3.147437,
            "med": 0.046745
        },
        "data_received": {
            "count": 29103942,
            "rate": 968435.7548289835
        },
        "data_sent": {
            "count": 6152054,
            "rate": 204710.03753507574
        },
        "http_req_duration": {
            "p(90)": 48.5484555,
            "p(95)": 58.38884825,
            "p(99)": 77.2832893,
            "avg": 24.58073343172035,
            "min": 1.545728,
            "med": 19.304532000000002,
            "max": 146.476267
        },
        "http_req_blocked": {
            "p(90)": 0.004758500000000001,
            "p(95)": 0.005506,
            "p(99)": 0.01952465000000004,
            "avg": 0.005120065941355968,
            "min": 0.000613,
            "med": 0.003085,
            "max": 6.797796
        },
        "http_req_tls_handshaking": {
            "max": 0,
            "p(90)": 0,
            "p(95)": 0,
            "p(99)": 0,
            "avg": 0,
            "min": 0,
            "med": 0
        },
        "status_2xx": {
            "count": 13617,
            "rate": 453.10665041547526
        },
        "iteration_duration": {
            "min": 1.797178,
            "med": 19.602158000000003,
            "max": 146.784385,
            "p(90)": 48.8011215,
            "p(95)": 58.66140025,
            "p(99)": 77.59498730000003,
            "avg": 24.866282457493085
        },
        "http_req_failed": {
            "passes": 46679,
            "fails": 13617,
            "value": 0.7741641236566273
        }
    },
    "setup_data": {
        "competitionIds": [
            1005,
            1004,
            1003,
            1002,
            1001,
            1000,
            999,
            998,
            997,
            996,
            995,
            994,
            993,
            992,
            991,
            990,
            989,
            988,
            987,
            986,
            985,
            984,
            983,
            982,
            981,
            980,
            979,
            978,
            977,
            976,
            975,
            974,
            973,
            972,
            971,
            970,
            969,
            968,
            967,
            966,
            965,
            964,
            963,
            962,
            961,
            960,
            959,
            958,
            957,
            956,
            955,
            954,
            953,
            952,
            951,
            950,
            949,
            948,
            947,
            946,
            945,
            944,
            943,
            942,
            941,
            940,
            939,
            938,
            937,
            936,
            935,
            934,
            933,
            932,
            931,
            930,
            929,
            928,
            927,
            926,
            925,
            924,
            923,
            922,
            921,
            920,
            919,
            918,
            917,
            916,
            915,
            914,
            913,
            912,
            911,
            910,
            909,
            908,
            907,
            906,
            905,
            904,
            903,
            902,
            901,
            900,
            899,
            898,
            897,
            896,
            895,
            894,
            893,
            892,
            891,
            890,
            889,
            888,
            887,
            886,
            885,
            884,
            883,
            882,
            881,
            880,
            879,
            878,
            877,
            876,
            875,
            874,
            873,
            872,
            871,
            870,
            869,
            868,
            867,
            866,
            865,
            864,
            863,
            862,
            861,
            860,
            859,
            858,
            857,
            856,
            855,
            854,
            853,
            852,
            851,
            850,
            849,
            848,
            847,
            846,
            845,
            844,
            843,
            842,
            841,
            840,
            839,
            838,
            837,
            836,
            835,
            834,
            833,
            832,
            831,
            830,
            829,
            828,
            827,
            826,
            825,
            824,
            823,
            822,
            821,
            820,
            819,
            818,
            817,
            816,
            815,
            814,
            813,
            812,
            811,
            810,
            809,
            808,
            807,
            806
        ]
    },
    "root_group": {
        "name": "",
        "path": "",
        "id": "d41d8cd98f00b204e9800998ecf8427e",
        "groups": {
            "setup": {
                "checks": {
                    "load competitions loadtest_ http 200": {
                        "fails": 0,
                        "name": "load competitions loadtest_ http 200",
                        "path": "::setup::load competitions loadtest_ http 200",
                        "id": "71fa6757c4aeaa84bd68a6a1e1637df3",
                        "passes": 1
                    },
                    "load competitions loadtest_ non-empty": {
                        "name": "load competitions loadtest_ non-empty",
                        "path": "::setup::load competitions loadtest_ non-empty",
                        "id": "76b4e697282ac052d4fc90ebfbb10659",
                        "passes": 1,
                        "fails": 0
                    }
                },
                "name": "setup",