{
    "root_group": {
        "groups": {},
        "checks": {
                "list http 200": {
                    "name": "list http 200",
                    "path": "::list http 200",
                    "id": "801c4b8cdb25d94dd6439ea8fca070c8",
                    "passes": 13649,
                    "fails": 6707
                },
                "list has rows": {
                    "name": "list has rows",
                    "path": "::list has rows",
                    "id": "c630927b8b9813deca04804a3e744a33",
                    "passes": 13649,
                    "fails": 6707
                }
            },
        "name": "",
        "path": "",
        "id": "d41d8cd98f00b204e9800998ecf8427e"
    },
    "metrics": {
        "http_req_duration{expected_response:true}": {
            "max": 325.816629,
            "p(90)": 147.60625060000004,
            "p(95)": 168.03824459999979,
            "p(99)": 212.50603668,
            "avg": 93.2680112425817,
            "min": 16.389852,
            "med": 87.167991
        },
        "data_received": {
            "rate": 6113161.989845467,
            "count": 183742676
        },
        "http_req_sending": {
            "p(95)": 0.058812,
            "p(99)": 0.3336965000000021,
            "avg": 0.049824130035370465,
            "min": 0.003896,
            "med": 0.018398499999999998,
            "max": 29.182446,
            "p(90)": 0.0337755
        },
        "http_req_blocked": {
            "avg": 0.01684356695814496,
            "min": 0.000661,
            "med": 0.004575,
            "max": 12.361862,
            "p(90)": 0.0068465,
            "p(95)": 0.0080015,
            "p(99)": 0.052081000000000585
        },
        "http_req_duration": {
            "med": 67.0481305,
            "max": 325.816629,
            "p(90)": 134.455359,
            "p(95)": 156.81804799999998,
            "p(99)": 202.08052140000015,
            "avg": 72.88311722558475,
            "min": 4.635438
        },
        "http_req_waiting": {
            "p(95)": 155.2809115,
            "p(99)": 200.31275045000004,
            "avg": 72.03790048988107,
            "min": 4.564057,
            "med": 66.06028,
            "max": 324.967006,
            "p(90)": 133.24059649999998
        },
        "checks": {
            "passes": 27298,
            "fails": 13414,
            "value": 0.6705148359206131
        },
        "http_reqs": {
            "count": 20356,
            "rate": 677.2489014217597
        },
        "vus_max": {
            "min": 50,
            "max": 50,
            "value": 50
        },
        "vus": {
            "value": 50,
            "min": 50,
            "max": 50
        },
        "iterations": {
            "count": 20356,
            "rate": 677.2489014217597
        },
        "http_req_failed": {
            "passes": 6707,
            "fails": 13649,
            "value": 0.32948516407938694
        },
        "status_2xx": {
            "count": 13649,
            "rate": 454.10543601422665
        },
        "http_req_tls_handshaking": {
            "p(95)": 0,
            "p(99)": 0,
            "avg": 0,
            "min": 0,
            "med": 0,
            "max": 0,
            "p(90)": 0
        },
        "status_4xx": {
            "count": 6707,
            "rate": 223.143465407533
        },
        "http_req_receiving": {
            "avg": 0.7953926056690936,
            "min": 0.011463,
            "med": 0.104524,
            "max": 60.164904,
            "p(90)": 1.5923245,
            "p(95)": 4.302611,
            "p(99)": 12.443943100000059
        },
        "http_req_connecting": {
            "p(99)": 0,
            "avg": 0.002785531489487129,
            "min": 0,
            "med": 0,
            "max": 9.7963,
            "p(90)": 0,
            "p(95)": 0
        },
        "iteration_duration": {
            "max": 326.354179,
            "p(90)": 135.81498,
            "p(95)": 158.04596675,
            "p(99)": 204.72190720000015,
            "avg": 73.74437858292423,
            "min": 4.82296,
            "med": 68.098274
        },
        "data_sent": {
            "count": 3338384,
            "rate": 111068.81983316859
        }
    }
}