{
    "metrics": {
        "status_4xx": {
            "count": 16986,
            "rate": 282.8131916430916
        },
        "checks": {
            "fails": 33972,
            "passes": 56462,
            "value": 0.6243448260609947
        },
        "vus": {
            "value": 100,
            "min": 100,
            "max": 100
        },
        "http_req_receiving": {
            "med": 0.098634,
            "max": 64.973763,
            "p(90)": 1.4916432000000033,
            "p(95)": 4.291571999999995,
            "p(99)": 12.188852119999963,
            "avg": 0.7563866324612437,
            "min": -3.715788
        },
        "data_sent": {
            "count": 7415588,
            "rate": 123467.92124044569
        },
        "http_req_duration{expected_response:true}": {
            "med": 126.755817,
            "max": 1625.158232,
            "p(90)": 375.238369,
            "p(95)": 488.64207899999997,
            "p(99)": 768.1191865000001,
            "avg": 176.9891225467392,
            "min": 16.699186
        },
        "http_reqs": {
            "count": 45217,
            "rate": 752.8531782954005
        },
        "http_req_sending": {
            "p(90)": 0.03238360000000001,
            "p(95)": 0.05615559999999976,
            "p(99)": 0.26890207999999716,
            "avg": 0.042618897472190026,
            "min": 0.004357,
            "med": 0.017964,
            "max": 16.28857
        },
        "http_req_failed": {
            "passes": 16986,
            "fails": 28231,
            "value": 0.3756551739390052
        },
        "vus_max": {
            "value": 100,
            "min": 100,
            "max": 100
        },
        "iterations": {
            "count": 45217,
            "rate": 752.8531782954005
        },
        "data_received": {
            "count": 381036700,
            "rate": 6344177.867664618
        },
        "http_req_duration": {
            "avg": 131.87019955607417,
            "min": 4.865033,
            "med": 82.452194,
            "max": 1625.158232,
            "p(90)": 300.1432684000001,
            "p(95)": 412.06273839999903,
            "p(99)": 681.0230407599987
        },
        "http_req_connecting": {
            "avg": 0.023336921511820777,
            "min": 0,
            "med": 0,
            "max": 62.023056,
            "p(90)": 0,
            "p(95)": 0,
            "p(99)": 0
        },
        "status_2xx": {
            "rate": 470.0399866523089,
            "count": 28231
        },
        "iteration_duration": {
            "avg": 132.7125496429661,
            "min": 5.089057,
            "med": 83.24745,
            "max": 1625.741761,
            "p(90)": 301.4536486,
            "p(95)": 413.4951285999999,
            "p(99)": 683.2268326399994
        },
        "http_req_tls_handshaking": {
            "p(99)": 0,
            "avg": 0,
            "min": 0,
            "med": 0,
            "max": 0,
            "p(90)": 0,
            "p(95)": 0
        },
        "http_req_blocked": {
            "avg": 0.05910960957162253,
            "min": 0.000744,
            "med": 0.004448,
            "max": 65.698194,
            "p(90)": 0.006711400000000001,
            "p(95)": 0.007809199999999997,
            "p(99)": 0.04445683999999991
        },
        "http_req_waiting": {
            "min": 4.81433,
            "med": 81.778477,
            "max": 1625.012189,
            "p(90)": 298.7049568000001,
            "p(95)": 410.5992419999999,
            "p(99)": 678.5752586399987,
            "avg": 131.071194026142
        }
    },
    "root_group": {
        "checks": {
            "list http 200": {
                "fails": 16986,
                "name": "list http 200",
                "path": "::list http 200",
                "id": "801c4b8cdb25d94dd6439ea8fca070c8",
                "passes": 28231
            },
            "list has rows": {
                "name": "list has rows",
                "path": "::list has rows",
                "id": "c630927b8b9813deca04804a3e744a33",
                "passes": 28231,
                "fails": 16986
            }
        },
        "name": "",
        "path": "",
        "id": "d41d8cd98f00b204e9800998ecf8427e",
        "groups": {}
    }
}