{
    "root_group": {
        "id": "d41d8cd98f00b204e9800998ecf8427e",
        "groups": {},
        "checks": {
                "list http 200": {
                    "passes": 15933,
                    "fails": 8149,
                    "name": "list http 200",
                    "path": "::list http 200",
                    "id": "801c4b8cdb25d94dd6439ea8fca070c8"
                },
                "list has rows": {
                    "passes": 15933,
                    "fails": 8149,
                    "name": "list has rows",
                    "path": "::list has rows",
                    "id": "c630927b8b9813deca04804a3e744a33"
                }
            },
        "name": "",
        "path": ""
    },
    "metrics": {
        "http_req_receiving": {
            "med": 0.100238,
            "max": 41.669471,
            "p(90)": 1.4617810000000007,
            "p(95)": 3.8201449000000003,
            "p(99)": 10.523438709999994,
            "avg": 0.686925775226311,
            "min": 0.013645
        },
        "vus": {
            "value": 200,
            "min": 200,
            "max": 200
        },
        "http_req_failed": {
            "passes": 8149,
            "fails": 15933,
            "value": 0.33838551615314344
        },
        "vus_max": {
            "value": 200,
            "min": 200,
            "max": 200
        },
        "http_req_sending": {
            "min": 0.004578,
            "med": 0.0177095,
            "max": 87.046337,
            "p(90)": 0.03269950000000004,
            "p(95)": 0.06445750000000008,
            "p(99)": 0.46854722999999987,
            "avg": 0.06916636271904388
        },
        "http_reqs": {
            "count": 24082,
            "rate": 798.2049244296571
        },
        "iterations": {
            "count": 24082,
            "rate": 798.2049244296571
        },
        "http_req_duration{expected_response:true}": {
            "p(95)": 1083.1873388,
            "p(99)": 1782.6035780000002,
            "avg": 323.25121377367736,
            "min": 17.360076,
            "med": 160.593487,
            "max": 5127.656896,
            "p(90)": 801.3836874
        },
        "http_req_blocked": {
            "p(90)": 0.006525,
            "p(95)": 0.00772395,
            "p(99)": 0.20435437999999947,
            "avg": 0.33306675508678707,
            "min": 0.000825,
            "med": 0.004382,
            "max": 117.174323
        },
        "http_req_waiting": {
            "p(95)": 943.31315305,
            "p(99)": 1602.9397897899992,
            "avg": 247.82333815787692,
            "min": 4.584538,
            "med": 113.1506905,
            "max": 5127.553311,
            "p(90)": 635.9566836
        },
        "status_4xx": {
            "count": 8149,
            "rate": 270.1009853491104
        },
        "checks": {
            "passes": 31866,
            "fails": 16298,
            "value": 0.6616144838468566
        },
        "data_received": {
            "count": 214622839,
            "rate": 7113736.690676583
        },
        "iteration_duration": {
            "min": 5.012427,
            "med": 114.527233,
            "max": 5128.174704,
            "p(90)": 638.3538299000002,
            "p(95)": 945.3841605500005,
            "p(99)": 1607.382596809999,
            "avg": 249.68372663246504
        },
        "http_req_tls_handshaking": {
            "avg": 0,
            "min": 0,
            "med": 0,
            "max": 0,
            "p(90)": 0,
            "p(95)": 0,
            "p(99)": 0
        },
        "http_req_duration": {
            "avg": 248.5794302958234,
            "min": 4.681146,
            "med": 113.6845255,
            "max": 5127.656896,
            "p(90)": 636.7861315000008,
            "p(95)": 944.1712462000003,
            "p(99)": 1606.582690049999
        },
        "data_sent": {
            "count": 3949448,
            "rate": 130905.60760646376
        },
        "http_req_connecting": {
            "p(95)": 0,
            "p(99)": 0,
            "avg": 0.1884337140187691,
            "min": 0,
            "med": 0,
            "max": 117.044972,
            "p(90)": 0
        },
        "status_2xx": {
            "count": 15933,
            "rate": 528.1039390805468
        }
    }
}