{
    "root_group": {
        "name": "",
        "path": "",
        "id": "d41d8cd98f00b204e9800998ecf8427e",
        "groups": {},
        "checks": {
                "list http 200": {
                    "name": "list http 200",
                    "path": "::list http 200",
                    "id": "801c4b8cdb25d94dd6439ea8fca070c8",
                    "passes": 15234,
                    "fails": 0
                },
                "list has rows": {
                    "name": "list has rows",
                    "path": "::list has rows",
                    "id": "c630927b8b9813deca04804a3e744a33",
                    "passes": 15234,
                    "fails": 0
                }
            }
    },
    "metrics": {
        "http_req_blocked": {
            "max": 3.086711,
            "p(90)": 0.006327,
            "p(95)": 0.007069049999999995,
            "p(99)": 0.02707721000000002,
            "avg": 0.007562927202310621,
            "min": 0.001478,
            "med": 0.0046565
        },
        "http_req_tls_handshaking": {
            "med": 0,
            "max": 0,
            "p(90)": 0,
            "p(95)": 0,
            "p(99)": 0,
            "avg": 0,
            "min": 0
        },
        "vus": {
            "value": 10,
            "min": 10,
            "max": 10
        },
        "http_req_duration": {
            "avg": 18.951230218918248,
            "min": 11.427449,
            "med": 18.298869,
            "max": 65.234524,
            "p(90)": 23.0659834,
            "p(95)": 25.030059799999997,
            "p(99)": 30.779267700000002
        },
        "data_received": {
            "count": 202791642,
            "rate": 6757030.868556181
        },
        "status_2xx": {
            "count": 15234,
            "rate": 507.59788340579075
        },
        "http_reqs": {
            "count": 15234,
            "rate": 507.59788340579075
        },
        "iteration_duration": {
            "med": 19.00133,
            "max": 65.902806,
            "p(90)": 23.871514700000002,
            "p(95)": 25.856524549999993,
            "p(99)": 31.85436947,
            "avg": 19.672572913942496,
            "min": 12.16479
        },
        "http_req_connecting": {
            "max": 1.138317,
            "p(90)": 0,
            "p(95)": 0,
            "p(99)": 0,
            "avg": 0.0005160669554942891,
            "min": 0,
            "med": 0
        },
        "http_req_duration{expected_response:true}": {
            "avg": 18.951230218918248,
            "min": 11.427449,
            "med": 18.298869,
            "max": 65.234524,
            "p(90)": 23.0659834,
            "p(95)": 25.030059799999997,
            "p(99)": 30.779267700000002
        },
        "vus_max": {
            "min": 10,
            "max": 10,
            "value": 10
        },
        "http_req_failed": {
            "passes": 0,
            "fails": 15234,
            "value": 0
        },
        "http_req_sending": {
            "max": 5.679772,
            "p(90)": 0.0363517,
            "p(95)": 0.061736699999999936,
            "p(99)": 0.15048280000000003,
            "avg": 0.028815212025731948,
            "min": 0.007531,
            "med": 0.019127
        },
        "data_sent": {
            "count": 2498376,
            "rate": 83246.05287854969
        },
        "http_req_waiting": {
            "med": 18.048270000000002,
            "max": 65.018254,
            "p(90)": 22.7479193,
            "p(95)": 24.694436099999994,
            "p(99)": 30.386885330000002,
            "avg": 18.68688706367334,
            "min": 11.259366
        },
        "http_req_receiving": {
            "p(90)": 0.4263132,
            "p(95)": 0.6165017999999999,
            "p(99)": 1.4773108600000002,
            "avg": 0.23552794321911638,
            "min": 0.035685,
            "med": 0.1568175,
            "max": 16.927397
        },
        "iterations": {
            "count": 15234,
            "rate": 507.59788340579075
        },
        "checks": {
            "passes": 30468,
            "fails": 0,
            "value": 1
        }
    }
}